{
  "attribute": {
    "thresholds": [
      0.6000000238418579,
      0.4000000059604645,
      0.45000001788139343,
      0.30000001192092896,
      0.6000000238418579,
      0.4000000059604645,
      0.25,
      0.4000000059604645,
      0.30000001192092896,
      0.45000001788139343,
      0.45000001788139343,
      0.20000000298023224,
      0.6000000238418579,
      0.20000000298023224,
      0.25,
      0.6500000357627869,
      0.25,
      0.75,
      0.30000001192092896,
      0.05000000074505806,
      0.15000000596046448,
      0.05000000074505806,
      0.05000000074505806,
      1.0
    ],
    "val_flat_05": {
      "macro_p": 0.17131084890072365,
      "macro_r": 0.2477764177816383,
      "macro_f1": 0.19695879661128138,
      "micro_p": 0.3271285763529817,
      "micro_r": 0.5091201716738197,
      "micro_f1": 0.39832109129066107
    },
    "val_tuned": {
      "macro_p": 0.2383048940471841,
      "macro_r": 0.494709496651013,
      "macro_f1": 0.24148204209023874,
      "micro_p": 0.23123415870540065,
      "micro_r": 0.6362660944206009,
      "micro_f1": 0.3391963391963392
    }
  }
}