{
  "split": "test",
  "ckpt": "/content/drive/MyDrive/dl_project_outputs/results/track3_v5/object/checkpoints/best.pt",
  "checkpoint_epoch": 13,
  "thresholds_source": "flat=0.5",
  "object": {
    "micro_p": 0.5863509749303621,
    "micro_r": 0.6817813765182186,
    "micro_f1": 0.6304754773493074,
    "macro_p": 0.18826759660092995,
    "macro_r": 0.23362727045141551,
    "macro_f1": 0.20344941614216916
  },
  "changeflag": {
    "changeflag_p": 0.9273743016759777,
    "changeflag_r": 0.9367945823927766,
    "changeflag_f1": 0.9320606400898371
  }
}