{
  "object": {
    "thresholds": [
      0.05000000074505806,
      0.4000000059604645,
      0.7000000476837158,
      0.05000000074505806,
      0.30000001192092896,
      0.05000000074505806,
      0.25,
      0.6000000238418579,
      0.10000000149011612,
      0.5,
      0.15000000596046448,
      0.5
    ],
    "val_flat_05": {
      "macro_p": 0.31580715825273825,
      "macro_r": 0.26063585488276714,
      "macro_f1": 0.2608622538144285,
      "micro_p": 0.5926756352765321,
      "micro_r": 0.6575456053067993,
      "micro_f1": 0.6234276729559748
    },
    "val_tuned": {
      "macro_p": 0.33496785681382474,
      "macro_r": 0.31389184560113065,
      "macro_f1": 0.2952860702954557,
      "micro_p": 0.5807717462393721,
      "micro_r": 0.736318407960199,
      "micro_f1": 0.6493601462522852
    }
  }
}