{
  "attribute": {
    "thresholds": [
      0.45000001788139343,
      0.3500000238418579,
      0.550000011920929,
      0.30000001192092896,
      0.45000001788139343,
      0.6000000238418579,
      0.25,
      0.800000011920929,
      0.5,
      0.9000000357627869,
      0.05000000074505806,
      0.7000000476837158,
      0.75,
      0.8500000238418579,
      0.4000000059604645,
      0.5,
      0.9500000476837158,
      0.9500000476837158,
      0.05000000074505806,
      0.7000000476837158,
      0.9500000476837158,
      0.25,
      0.5,
      1.0
    ],
    "val_flat_05": {
      "macro_p": 0.15181079559722535,
      "macro_r": 0.4063002922338525,
      "macro_f1": 0.20976240683738148,
      "micro_p": 0.23880597014925373,
      "micro_r": 0.6180257510729614,
      "micro_f1": 0.3444976076555024
    },
    "val_tuned": {
      "macro_p": 0.19569557393294423,
      "macro_r": 0.4234429493549037,
      "macro_f1": 0.2476585123717764,
      "micro_p": 0.2535011162979501,
      "micro_r": 0.6700643776824035,
      "micro_f1": 0.36783978795464584
    }
  }
}