{
  "split": "val",
  "ckpt": "/content/drive/MyDrive/dl_project_outputs/results/track4_v6/multitask/checkpoints/best.pt",
  "checkpoint_epoch": 9,
  "thresholds_source": "flat=0.5",
  "object": {
    "micro_p": 0.1323943661971831,
    "micro_r": 0.9353233830845771,
    "micro_f1": 0.23195558297347316,
    "macro_p": 0.19292622710941007,
    "macro_r": 0.799345160779573,
    "macro_f1": 0.1697756730705251
  },
  "event": {
    "micro_p": 0.11794571372778755,
    "micro_r": 0.9602543720190779,
    "micro_f1": 0.21008695652173914,
    "macro_p": 0.11757447704456941,
    "macro_r": 0.9357218707009286,
    "macro_f1": 0.19295429044365897
  },
  "attribute": {
    "micro_p": 0.08774243978699497,
    "micro_r": 0.9635193133047211,
    "micro_f1": 0.16083822146599203,
    "macro_p": 0.08746916299808272,
    "macro_r": 0.9107112270210007,
    "macro_f1": 0.1440231342320835
  },
  "changeflag": {
    "changeflag_p": 0.9523809523809523,
    "changeflag_r": 0.9411764705882353,
    "changeflag_f1": 0.9467455621301775
  }
}