{
  "object": {
    "thresholds": [
      0.45000001788139343,
      0.05000000074505806,
      0.9500000476837158,
      0.05000000074505806,
      0.05000000074505806,
      0.3500000238418579,
      0.800000011920929,
      0.9500000476837158,
      0.9500000476837158,
      0.30000001192092896,
      0.9500000476837158,
      0.5
    ],
    "val_flat_05": {
      "macro_p": 0.19292622710941007,
      "macro_r": 0.799345160779573,
      "macro_f1": 0.1697756730705251,
      "micro_p": 0.1323943661971831,
      "micro_r": 0.9353233830845771,
      "micro_f1": 0.23195558297347316
    },
    "val_tuned": {
      "macro_p": 0.19383430055123319,
      "macro_r": 0.8140417753745552,
      "macro_f1": 0.1715370680237198,
      "micro_p": 0.13524736030371337,
      "micro_r": 0.945273631840796,
      "micro_f1": 0.23663725998962118
    }
  },
  "event": {
    "thresholds": [
      0.6500000357627869,
      0.9000000357627869,
      0.25,
      0.800000011920929,
      0.9500000476837158,
      0.800000011920929,
      0.9000000357627869,
      0.05000000074505806,
      0.9500000476837158,
      0.9500000476837158,
      0.05000000074505806,
      0.25
    ],
    "val_flat_05": {
      "macro_p": 0.11757447704456941,
      "macro_r": 0.9357218707009286,
      "macro_f1": 0.19295429044365897,
      "micro_p": 0.11794571372778755,
      "micro_r": 0.9602543720190779,
      "micro_f1": 0.21008695652173914
    },
    "val_tuned": {
      "macro_p": 0.11941324006772112,
      "macro_r": 0.9642386599658818,
      "macro_f1": 0.19592540530509062,
      "micro_p": 0.11933994696002358,
      "micro_r": 0.965818759936407,
      "micro_f1": 0.21243115656963021
    }
  },
  "attribute": {
    "thresholds": [
      0.75,
      0.9500000476837158,
      0.9500000476837158,
      0.9500000476837158,
      0.6000000238418579,
      0.9500000476837158,
      0.9500000476837158,
      0.9500000476837158,
      0.7000000476837158,
      0.6000000238418579,
      0.5,
      0.9500000476837158,
      0.05000000074505806,
      0.25,
      0.05000000074505806,
      0.5,
      0.6000000238418579,
      0.550000011920929,
      0.9500000476837158,
      0.9500000476837158,
      0.9500000476837158,
      0.800000011920929,
      0.9500000476837158,
      1.0
    ],
    "val_flat_05": {
      "macro_p": 0.08746916299808272,
      "macro_r": 0.9107112270210007,
      "macro_f1": 0.1440231342320835,
      "micro_p": 0.08774243978699497,
      "micro_r": 0.9635193133047211,
      "micro_f1": 0.16083822146599203
    },
    "val_tuned": {
      "macro_p": 0.08875278283086402,
      "macro_r": 0.9171227015190612,
      "macro_f1": 0.14575408740243342,
      "micro_p": 0.09265308238710011,
      "micro_r": 0.9586909871244635,
      "micro_f1": 0.1689754621530897
    }
  }
}