{
  "object": {
    "thresholds": [
      0.30000001192092896,
      0.5,
      0.550000011920929,
      0.45000001788139343,
      0.15000000596046448,
      0.5,
      0.8500000238418579,
      0.4000000059604645,
      0.45000001788139343,
      0.10000000149011612,
      0.10000000149011612,
      0.5
    ],
    "val_flat_05": {
      "macro_p": 0.2034654889198453,
      "macro_r": 0.27798162582523617,
      "macro_f1": 0.23212370948279407,
      "micro_p": 0.5923694779116466,
      "micro_r": 0.7338308457711443,
      "micro_f1": 0.6555555555555556
    },
    "val_tuned": {
      "macro_p": 0.24883588360616496,
      "macro_r": 0.37968332639734387,
      "macro_f1": 0.2718604547381312,
      "micro_p": 0.5320366132723112,
      "micro_r": 0.7711442786069652,
      "micro_f1": 0.6296547054840894
    }
  },
  "event": {
    "thresholds": [
      0.45000001788139343,
      0.3500000238418579,
      0.15000000596046448,
      0.30000001192092896,
      0.5,
      0.6000000238418579,
      0.6500000357627869,
      0.6000000238418579,
      0.45000001788139343,
      0.30000001192092896,
      0.30000001192092896,
      0.25
    ],
    "val_flat_05": {
      "macro_p": 0.21833106880590739,
      "macro_r": 0.38208976391910304,
      "macro_f1": 0.2743267577375689,
      "micro_p": 0.33674463937621835,
      "micro_r": 0.5492845786963434,
      "micro_f1": 0.4175226586102719
    },
    "val_tuned": {
      "macro_p": 0.244236509413206,
      "macro_r": 0.5029924416986337,
      "macro_f1": 0.31699941922209857,
      "micro_p": 0.2981301939058172,
      "micro_r": 0.6844197138314785,
      "micro_f1": 0.4153400868306802
    }
  },
  "attribute": {
    "thresholds": [
      0.45000001788139343,
      0.3500000238418579,
      0.45000001788139343,
      0.4000000059604645,
      0.45000001788139343,
      0.4000000059604645,
      0.45000001788139343,
      0.8500000238418579,
      0.4000000059604645,
      0.75,
      0.3500000238418579,
      0.30000001192092896,
      0.5,
      0.4000000059604645,
      0.6000000238418579,
      0.7000000476837158,
      0.5,
      0.800000011920929,
      0.30000001192092896,
      0.05000000074505806,
      0.45000001788139343,
      0.30000001192092896,
      0.15000000596046448,
      1.0
    ],
    "val_flat_05": {
      "macro_p": 0.15774051263024702,
      "macro_r": 0.3546004629828585,
      "macro_f1": 0.2119345081752498,
      "micro_p": 0.2716564417177914,
      "micro_r": 0.5938841201716738,
      "micro_f1": 0.37279003199191785
    },
    "val_tuned": {
      "macro_p": 0.2038085272531648,
      "macro_r": 0.48492762297750597,
      "macro_f1": 0.24573377427325196,
      "micro_p": 0.23515352086780658,
      "micro_r": 0.6861587982832618,
      "micro_f1": 0.35026701355607287
    }
  }
}