{
  "split": "val",
  "ckpt": "/content/drive/MyDrive/dl_project_outputs/results/track4_v6/attribute/checkpoints/best.pt",
  "checkpoint_epoch": 13,
  "thresholds_source": "flat=0.5",
  "attribute": {
    "micro_p": 0.10831122900088418,
    "micro_r": 0.9200643776824035,
    "micro_f1": 0.1938072098542208,
    "macro_p": 0.0975040083681673,
    "macro_r": 0.7569440837367242,
    "macro_f1": 0.15364037305883435
  },
  "changeflag": {
    "changeflag_p": 0.9506024096385542,
    "changeflag_r": 0.928235294117647,
    "changeflag_f1": 0.9392857142857143
  }
}