{
  "attribute": {
    "thresholds": [
      0.75,
      0.75,
      0.8500000238418579,
      0.10000000149011612,
      0.4000000059604645,
      0.9000000357627869,
      0.9500000476837158,
      0.9000000357627869,
      0.05000000074505806,
      0.10000000149011612,
      0.9000000357627869,
      0.8500000238418579,
      0.8500000238418579,
      0.8500000238418579,
      0.9500000476837158,
      0.05000000074505806,
      0.7000000476837158,
      0.800000011920929,
      0.9500000476837158,
      0.9500000476837158,
      0.5,
      0.10000000149011612,
      0.45000001788139343,
      1.0
    ],
    "val_flat_05": {
      "macro_p": 0.0975040083681673,
      "macro_r": 0.7569440837367242,
      "macro_f1": 0.15364037305883435,
      "micro_p": 0.10831122900088418,
      "micro_r": 0.9200643776824035,
      "micro_f1": 0.1938072098542208
    },
    "val_tuned": {
      "macro_p": 0.10345110742196274,
      "macro_r": 0.7722785333363652,
      "macro_f1": 0.16028950387527044,
      "micro_p": 0.11136144190537496,
      "micro_r": 0.9281115879828327,
      "micro_f1": 0.19886200356342318
    }
  }
}