{
  "event": {
    "thresholds": [
      0.6000000238418579,
      0.3500000238418579,
      0.20000000298023224,
      0.45000001788139343,
      0.45000001788139343,
      0.6000000238418579,
      0.3500000238418579,
      0.45000001788139343,
      0.3500000238418579,
      0.30000001192092896,
      0.25,
      0.10000000149011612
    ],
    "val_flat_05": {
      "macro_p": 0.3032593816059705,
      "macro_r": 0.3400430470191611,
      "macro_f1": 0.2655264885691704,
      "micro_p": 0.33350409836065575,
      "micro_r": 0.5174880763116058,
      "micro_f1": 0.405607476635514
    },
    "val_tuned": {
      "macro_p": 0.22660801569997013,
      "macro_r": 0.4806965755537163,
      "macro_f1": 0.29121645468269625,
      "micro_p": 0.27781740370898717,
      "micro_r": 0.6192368839427663,
      "micro_f1": 0.38355489906450024
    }
  }
}