{
  "object": {
    "thresholds": [
      0.45000001788139343,
      0.9500000476837158,
      0.25,
      0.45000001788139343,
      0.8500000238418579,
      0.800000011920929,
      0.9500000476837158,
      0.6500000357627869,
      0.10000000149011612,
      0.800000011920929,
      0.7000000476837158,
      0.5
    ],
    "val_flat_05": {
      "macro_p": 0.17485618318112098,
      "macro_r": 0.5242728220400142,
      "macro_f1": 0.2325184930605709,
      "micro_p": 0.3046376811594203,
      "micro_r": 0.8714759535655058,
      "micro_f1": 0.45146048109965636
    },
    "val_tuned": {
      "macro_p": 0.19763049187708262,
      "macro_r": 0.5287293247660521,
      "macro_f1": 0.24994081949244287,
      "micro_p": 0.3151096425352959,
      "micro_r": 0.8698175787728026,
      "micro_f1": 0.46262403528114665
    }
  }
}