{
  "object": {
    "thresholds": [
      0.45000001788139343,
      0.3500000238418579,
      0.550000011920929,
      0.5,
      0.6000000238418579,
      0.30000001192092896,
      0.800000011920929,
      0.6000000238418579,
      0.4000000059604645,
      0.10000000149011612,
      0.05000000074505806,
      0.5
    ],
    "val_flat_05": {
      "macro_p": 0.22290274081271802,
      "macro_r": 0.24678162687914737,
      "macro_f1": 0.22644201922471643,
      "micro_p": 0.6152748037116346,
      "micro_r": 0.714759535655058,
      "micro_f1": 0.6612965093977752
    },
    "val_tuned": {
      "macro_p": 0.33776622498318415,
      "macro_r": 0.3929448127033777,
      "macro_f1": 0.2845610617988575,
      "micro_p": 0.5896103896103896,
      "micro_r": 0.7529021558872305,
      "micro_f1": 0.6613255644573925
    }
  },
  "event": {
    "thresholds": [
      0.550000011920929,
      0.5,
      0.20000000298023224,
      0.550000011920929,
      0.550000011920929,
      0.6500000357627869,
      0.5,
      0.4000000059604645,
      0.4000000059604645,
      0.5,
      0.15000000596046448,
      0.15000000596046448
    ],
    "val_flat_05": {
      "macro_p": 0.22911328538984096,
      "macro_r": 0.3562611394300359,
      "macro_f1": 0.27264153471369384,
      "micro_p": 0.3525216505348956,
      "micro_r": 0.5500794912559619,
      "micro_f1": 0.4296802235330643
    },
    "val_tuned": {
      "macro_p": 0.25318232040324357,
      "macro_r": 0.427090782697027,
      "macro_f1": 0.300750486510804,
      "micro_p": 0.3113616652211622,
      "micro_r": 0.5707472178060413,
      "micro_f1": 0.40291806958473625
    }
  },
  "attribute": {
    "thresholds": [
      0.45000001788139343,
      0.3500000238418579,
      0.3500000238418579,
      0.25,
      0.6000000238418579,
      0.4000000059604645,
      0.5,
      0.550000011920929,
      0.3500000238418579,
      0.550000011920929,
      0.4000000059604645,
      0.6000000238418579,
      0.45000001788139343,
      0.25,
      0.4000000059604645,
      0.45000001788139343,
      0.30000001192092896,
      0.75,
      0.05000000074505806,
      0.10000000149011612,
      0.30000001192092896,
      0.15000000596046448,
      0.05000000074505806,
      1.0
    ],
    "val_flat_05": {
      "macro_p": 0.1715671707840518,
      "macro_r": 0.2746212284415495,
      "macro_f1": 0.20348171077965663,
      "micro_p": 0.31261711430356026,
      "micro_r": 0.5370171673819742,
      "micro_f1": 0.39518357678641924
    },
    "val_tuned": {
      "macro_p": 0.1971802620220878,
      "macro_r": 0.4784817968572089,
      "macro_f1": 0.24025829418086128,
      "micro_p": 0.2223007598515639,
      "micro_r": 0.674892703862661,
      "micro_f1": 0.33444104745447295
    }
  }
}