{
  "object": [
    -0.4318227171897888,
    -2.3166680335998535,
    -2.378645896911621,
    -3.2233893871307373,
    -3.5894620418548584,
    -3.7174906730651855,
    -3.836493968963623,
    -4.377061367034912,
    -4.330970287322998,
    -5.485152721405029,
    -5.821624755859375,
    -5.949458122253418
  ],
  "event": [
    -1.187284231185913,
    -1.5980079174041748,
    -2.139770030975342,
    -2.139770030975342,
    -2.349658250808716,
    -2.763857126235962,
    -2.877185821533203,
    -3.377540111541748,
    -3.5809149742126465,
    -3.831014394760132,
    -4.425380229949951,
    -4.658473968505859
  ],
  "attribute": [
    -1.0819237232208252,
    -1.564028263092041,
    -1.812838077545166,
    -2.0247881412506104,
    -2.25040340423584,
    -2.2414448261260986,
    -2.708998680114746,
    -3.0002458095550537,
    -3.0692389011383057,
    -3.188298225402832,
    -3.217454671859741,
    -3.2293596267700195,
    -3.503166437149048,
    -3.6378233432769775,
    -3.80405855178833,
    -3.9047021865844727,
    -3.842003583908081,
    -4.01662015914917,
    -4.2447099685668945,
    -4.518712043762207,
    -4.7500410079956055,
    -5.051516532897949,
    -5.256310939788818,
    -5.108675003051758
  ]
}