{
  "object": [
    -0.4327356815338135,
    -2.3239057064056396,
    -2.378645896911621,
    -3.27217960357666,
    -3.6745245456695557,
    -3.6933929920196533,
    -3.847543716430664,
    -4.609683990478516,
    -4.820992946624756,
    -5.456981658935547,
    -5.782403945922852,
    -5.949458122253418
  ],
  "event": [
    -1.195084571838379,
    -1.608016848564148,
    -2.1227951049804688,
    -2.1529479026794434,
    -2.378645896911621,
    -2.8139638900756836,
    -2.883521556854248,
    -3.377540111541748,
    -3.5937631130218506,
    -3.8255648612976074,
    -4.396109580993652,
    -4.633781433105469
  ],
  "attribute": [
    -1.0847247838974,
    -1.5777114629745483,
    -1.8223237991333008,
    -2.044734477996826,
    -2.2425601482391357,
    -2.2314612865448,
    -2.734225273132324,
    -3.005019187927246,
    -3.0641496181488037,
    -3.2597570419311523,
    -3.2293596267700195,
    -3.343407154083252,
    -3.503166437149048,
    -3.6199655532836914,
    -3.847543716430664,
    -3.9653267860412598,
    -3.8255648612976074,
    -4.0846734046936035,
    -4.220219135284424,
    -4.49720573425293,
    -4.763834476470947,
    -5.169299602508545,
    -5.211859226226807,
    -5.169299602508545
  ]
}