{
  "object": {
    "thresholds": [
      0.5,
      0.7000000476837158,
      0.6500000357627869,
      0.6500000357627869,
      0.6500000357627869,
      0.9000000357627869,
      0.6500000357627869,
      0.6000000238418579,
      0.5,
      0.5,
      0.10000000149011612,
      0.5
    ],
    "val_flat_05": {
      "macro_p": 0.26367972771116616,
      "macro_r": 0.35899416593231764,
      "macro_f1": 0.2579089484476763,
      "micro_p": 0.48891235480464623,
      "micro_r": 0.7678275290215588,
      "micro_f1": 0.5974193548387097
    },
    "val_tuned": {
      "macro_p": 0.2889361566661612,
      "macro_r": 0.32819839349793734,
      "macro_f1": 0.26850444123908834,
      "micro_p": 0.5405892964521948,
      "micro_r": 0.7454394693200663,
      "micro_f1": 0.6266991983269432
    }
  },
  "event": {
    "thresholds": [
      0.75,
      0.7000000476837158,
      0.800000011920929,
      0.7000000476837158,
      0.7000000476837158,
      0.7000000476837158,
      0.75,
      0.45000001788139343,
      0.6000000238418579,
      0.30000001192092896,
      0.05000000074505806,
      0.5
    ],
    "val_flat_05": {
      "macro_p": 0.17976280622930574,
      "macro_r": 0.4468987084284486,
      "macro_f1": 0.24741250605016019,
      "micro_p": 0.2625841615902533,
      "micro_r": 0.651033386327504,
      "micro_f1": 0.3742289239204935
    },
    "val_tuned": {
      "macro_p": 0.22810563763764233,
      "macro_r": 0.379636120166115,
      "macro_f1": 0.27562580058383873,
      "micro_p": 0.3282828282828283,
      "micro_r": 0.5166931637519873,
      "micro_f1": 0.40148239654107476
    }
  },
  "attribute": {
    "thresholds": [
      0.45000001788139343,
      0.550000011920929,
      0.30000001192092896,
      0.45000001788139343,
      0.6500000357627869,
      0.6500000357627869,
      0.6500000357627869,
      0.3500000238418579,
      0.3500000238418579,
      0.8500000238418579,
      0.7000000476837158,
      0.30000001192092896,
      0.45000001788139343,
      0.45000001788139343,
      0.6500000357627869,
      0.6000000238418579,
      0.5,
      0.800000011920929,
      0.30000001192092896,
      0.05000000074505806,
      0.30000001192092896,
      0.10000000149011612,
      0.5,
      1.0
    ],
    "val_flat_05": {
      "macro_p": 0.14535355587496587,
      "macro_r": 0.3696309944384592,
      "macro_f1": 0.19954171203075535,
      "micro_p": 0.2502795795124133,
      "micro_r": 0.6003218884120172,
      "micro_f1": 0.35327545382794
    },
    "val_tuned": {
      "macro_p": 0.17104789577901422,
      "macro_r": 0.4164644193694101,
      "macro_f1": 0.23145648069659788,
      "micro_p": 0.26487826871055004,
      "micro_r": 0.6303648068669528,
      "micro_f1": 0.373015873015873
    }
  }
}