{
  "split": "val",
  "ckpt": "/content/drive/MyDrive/dl_project_outputs/results/track3_v5/event/checkpoints/best.pt",
  "checkpoint_epoch": 8,
  "thresholds_source": "flat=0.5",
  "event": {
    "micro_p": 0.24193070772875333,
    "micro_r": 0.6494435612082671,
    "micro_f1": 0.35253505933117585,
    "macro_p": 0.18878749016945676,
    "macro_r": 0.4716692595454663,
    "macro_f1": 0.2530104041026921
  },
  "changeflag": {
    "changeflag_p": 0.9107344632768362,
    "changeflag_r": 0.9482352941176471,
    "changeflag_f1": 0.9291066282420749
  }
}