{
  "event": {
    "thresholds": [
      0.45000001788139343,
      0.6000000238418579,
      0.45000001788139343,
      0.75,
      0.75,
      0.9500000476837158,
      0.45000001788139343,
      0.20000000298023224,
      0.10000000149011612,
      0.8500000238418579,
      0.05000000074505806,
      0.20000000298023224
    ],
    "val_flat_05": {
      "macro_p": 0.18878749016945676,
      "macro_r": 0.4716692595454663,
      "macro_f1": 0.2530104041026921,
      "micro_p": 0.24193070772875333,
      "micro_r": 0.6494435612082671,
      "micro_f1": 0.35253505933117585
    },
    "val_tuned": {
      "macro_p": 0.22669315368469492,
      "macro_r": 0.459609455274361,
      "macro_f1": 0.27910339436918424,
      "micro_p": 0.269682935518347,
      "micro_r": 0.6017488076311606,
      "micro_f1": 0.3724477244772448
    }
  }
}