{
  "split": "test",
  "ckpt": "/content/drive/MyDrive/dl_project_outputs/results/track4_v6/event/checkpoints/best.pt",
  "checkpoint_epoch": 6,
  "thresholds_source": "/content/drive/MyDrive/dl_project_outputs/results/track4_v6/event/metrics/thresholds_val.json",
  "event": {
    "micro_p": 0.1288959323824617,
    "micro_r": 0.8892128279883382,
    "micro_f1": 0.2251545630709606,
    "macro_p": 0.12141557824796013,
    "macro_r": 0.8161165604087496,
    "macro_f1": 0.19703027523093444
  },
  "changeflag": {
    "changeflag_p": 0.9524940617577197,
    "changeflag_r": 0.9051918735891648,
    "changeflag_f1": 0.9282407407407407
  }
}