{
  "split": "val",
  "ckpt": "/content/drive/MyDrive/dl_project_outputs/results/track4_v6/event/checkpoints/best.pt",
  "checkpoint_epoch": 6,
  "thresholds_source": "flat=0.5",
  "event": {
    "micro_p": 0.1258507075726477,
    "micro_r": 0.9260731319554849,
    "micro_f1": 0.2215882073228721,
    "macro_p": 0.11809727001934744,
    "macro_r": 0.8815452569010563,
    "macro_f1": 0.19337320498570088
  },
  "changeflag": {
    "changeflag_p": 0.9608323133414932,
    "changeflag_r": 0.9235294117647059,
    "changeflag_f1": 0.9418116376724655
  }
}