{
  "split": "test",
  "ckpt": "/content/drive/MyDrive/dl_project_outputs/results/track4_v6/event/checkpoints/best.pt",
  "checkpoint_epoch": 6,
  "thresholds_source": "flat=0.5",
  "event": {
    "micro_p": 0.12840144852560786,
    "micro_r": 0.9045189504373178,
    "micro_f1": 0.2248799492615747,
    "macro_p": 0.12113672480033433,
    "macro_r": 0.8364313608419911,
    "macro_f1": 0.19731520784445053
  },
  "changeflag": {
    "changeflag_p": 0.9524940617577197,
    "changeflag_r": 0.9051918735891648,
    "changeflag_f1": 0.9282407407407407
  }
}