{
  "event": {
    "thresholds": [
      0.6500000357627869,
      0.9000000357627869,
      0.15000000596046448,
      0.9500000476837158,
      0.800000011920929,
      0.15000000596046448,
      0.6000000238418579,
      0.15000000596046448,
      0.9500000476837158,
      0.9000000357627869,
      0.4000000059604645,
      0.7000000476837158
    ],
    "val_flat_05": {
      "macro_p": 0.11809727001934744,
      "macro_r": 0.8815452569010563,
      "macro_f1": 0.19337320498570088,
      "micro_p": 0.1258507075726477,
      "micro_r": 0.9260731319554849,
      "micro_f1": 0.2215882073228721
    },
    "val_tuned": {
      "macro_p": 0.1210354573872403,
      "macro_r": 0.8916184780552139,
      "macro_f1": 0.19774337706656434,
      "micro_p": 0.1287828584051248,
      "micro_r": 0.9268680445151033,
      "micro_f1": 0.22614429790535298
    }
  }
}