{
  "object": {
    "thresholds": [
      0.25,
      0.3500000238418579,
      0.6500000357627869,
      0.4000000059604645,
      0.45000001788139343,
      0.25,
      0.4000000059604645,
      0.3500000238418579,
      0.30000001192092896,
      0.05000000074505806,
      0.10000000149011612,
      0.5
    ],
    "val_flat_05": {
      "macro_p": 0.22678548758306727,
      "macro_r": 0.21891141604980668,
      "macro_f1": 0.21801474066497598,
      "micro_p": 0.6629570747217806,
      "micro_r": 0.6915422885572139,
      "micro_f1": 0.676948051948052
    },
    "val_tuned": {
      "macro_p": 0.25476739885227384,
      "macro_r": 0.35370216389061043,
      "macro_f1": 0.2811285341677166,
      "micro_p": 0.5925925925925926,
      "micro_r": 0.7562189054726368,
      "micro_f1": 0.6644808743169399
    }
  },
  "event": {
    "thresholds": [
      0.4000000059604645,
      0.25,
      0.5,
      0.4000000059604645,
      0.3500000238418579,
      0.4000000059604645,
      0.5,
      0.45000001788139343,
      0.45000001788139343,
      0.25,
      0.20000000298023224,
      0.15000000596046448
    ],
    "val_flat_05": {
      "macro_p": 0.2337203900316174,
      "macro_r": 0.33112119352261765,
      "macro_f1": 0.26770742074951537,
      "micro_p": 0.36204954954954954,
      "micro_r": 0.5111287758346582,
      "micro_f1": 0.4238628872775214
    },
    "val_tuned": {
      "macro_p": 0.2336630977642309,
      "macro_r": 0.4609343083636304,
      "macro_f1": 0.3048814960687403,
      "micro_p": 0.3214982442450254,
      "micro_r": 0.6550079491255962,
      "micro_f1": 0.4313007066213033
    }
  },
  "attribute": {
    "thresholds": [
      0.45000001788139343,
      0.4000000059604645,
      0.5,
      0.30000001192092896,
      0.6000000238418579,
      0.6000000238418579,
      0.4000000059604645,
      0.45000001788139343,
      0.30000001192092896,
      0.3500000238418579,
      0.25,
      0.30000001192092896,
      0.25,
      0.25,
      0.3500000238418579,
      0.45000001788139343,
      0.30000001192092896,
      0.6500000357627869,
      0.20000000298023224,
      0.05000000074505806,
      0.20000000298023224,
      0.10000000149011612,
      0.05000000074505806,
      1.0
    ],
    "val_flat_05": {
      "macro_p": 0.2073909524477656,
      "macro_r": 0.25641374041261694,
      "macro_f1": 0.20362906810426618,
      "micro_p": 0.3286759813705922,
      "micro_r": 0.5300429184549357,
      "micro_f1": 0.4057494866529774
    },
    "val_tuned": {
      "macro_p": 0.21239463536137346,
      "macro_r": 0.4890730540508814,
      "macro_f1": 0.2425665291149033,
      "micro_p": 0.23354887790034234,
      "micro_r": 0.6587982832618026,
      "micro_f1": 0.34484695310306096
    }
  }
}