{
  "object": {
    "thresholds": [
      0.25,
      0.30000001192092896,
      0.20000000298023224,
      0.3500000238418579,
      0.3500000238418579,
      0.5,
      0.5,
      0.3500000238418579,
      0.15000000596046448,
      0.05000000074505806,
      0.05000000074505806,
      0.5
    ],
    "val_flat_05": {
      "macro_p": 0.22624515487133412,
      "macro_r": 0.22282180968292253,
      "macro_f1": 0.21918087025276514,
      "micro_p": 0.6459968602825745,
      "micro_r": 0.6824212271973465,
      "micro_f1": 0.6637096774193548
    },
    "val_tuned": {
      "macro_p": 0.2272160313294238,
      "macro_r": 0.38686881659549543,
      "macro_f1": 0.25933439581575574,
      "micro_p": 0.5010660980810234,
      "micro_r": 0.7794361525704809,
      "micro_f1": 0.6099935107073329
    }
  }
}